2039,05-03-2018,4, ELEC-1.2.2 Supply of ISI 20mm outer dia heavy (2.10mm thickness) grade with IS:9537 part 3 regid PVC pipe of makes VIP / Besto plast / GoldMedal / Million plast / GM / Sudhakar / Polyline,,11,1,13,25.00,0
2040,05-03-2018,4, ELEC-1.2.3 Supply of ISI 25mm outer dia medium (1.80mm thickness) grade with IS:9537 part 3 regid PVC pipe of makes VIP / Besto plast / GoldMedal / Million plast / GM / Sudhakar / Polyline.,,11,1,13,30.00,0
2041,05-03-2018,4, ELEC-1.2.4 Supply of ISI 25mm outer dia heavy (2.20mm thickness) grade with IS:9537 part 3 regid PVC pipe of makes VIP / Besto plast / GoldMedal / Million plast / GM / Sudhakar / Polyline.,,11,1,13,35.00,0
2042,05-03-2018,4, ELEC-1.2.5 Supply of ISI 32mm outer dia medium (2.10mm thickness) grade with IS:9537 part 3 regid PVC pipe of makes VIP / Besto plast / GoldMedal / Million plast / GM / Sudhakar / Polyline.,,11,1,13,40.00,0
2043,05-03-2018,4, ELEC-1.2.6 Supply of ISI 40mm outer dia medium (2.30mm thickness) grade with IS:9537 part 3 regid PVC pipe of makes VIP / Besto plast / GoldMedal / Million plast / GM / Sudhakar / Polyline.,,11,1,13,50.00,0
2044,05-03-2018,4, ELEC-1.2.7 Supply of ISI 50mm outer dia medium (2.85mm thickness) grade with IS:9537 part 3 regid PVC pipe of makes VIP / Besto plast / GoldMedal / Million plast / GM / Sudhakar / Polyline.,,11,1,13,80.00,0
2045,05-03-2018,4, ELEC-1.2.12 Supply of 19/20mm PVC Flexible Pipe makes GoldMedal / Million plast / GM / Sudhakar / Besto plast / Polyline,,11,1,13,4.00,0
2046,05-03-2018,4, ELEC-1.2.13 Supply of 25mm PVC Flexible Pipe makes GoldMedal / Million plast / GM / Sudhakar / Besto plast / Polyline,,11,1,13,5.00,0
2047,05-03-2018,4, ELEC-1.2.14 Supply of 32mm PVC Flexible Pipe makes GoldMedal / Million plast / GM / Sudhakar / Besto plast / Polyline. ,,11,1,13,7.00,0
2048,05-03-2018,4, ELEC-1.2.15 Supply of 40/38mm PVC Flexible Pipe makes GoldMedal / Million plast / GM / Sudhakar / Besto plast / Polyline. ,,11,1,13,15.00,0
2049,05-03-2018,4, ELEC-1.2.16 Supply of 50mm PVC Flexible Pipe makes GoldMedal / Million plast / GM / Sudhakar / Besto plast / Polyline. ,,11,1,13,20.00,0
2050,05-03-2018,4, ELEC-1.2.17 Supply of 19/20mm PVC Flexible Couplings. ,,12,1,13,10.00,0
2051,05-03-2018,4, ELEC-1.2.18 Supply of 25mm PVC Flexible Couplings. ,,12,1,13,15.00,0
2052,05-03-2018,4, ELEC-1.2.19 Supply of 32mm PVC Flexible Couplings. ,,12,1,13,28.00,0
2053,05-03-2018,4, ELEC-1.2.20 Supply of 40/38mm PVC Flexible Couplings. ,,12,1,13,30.00,0
2054,05-03-2018,4, ELEC-1.2.21 Supply of 50mm PVC Flexible Couplings. ,,12,1,13,60.00,0
2055,05-03-2018,4, ELEC-1.2.22 Supply of 19/20mm PVC Junction Boxes Normal. ,,12,1,13,17.00,0
2056,05-03-2018,4, ELEC-1.2.23 Supply of 25mm PVC Junction Boxes Normal. ,,12,1,13,19.00,0
2057,05-03-2018,4, ELEC-1.2.24 Supply of 32mm PVC Junction Boxes Normal. ,,12,1,13,34.00,0
2058,05-03-2018,4, ELEC-1.2.25 Supply of 40mm PVC Junction Boxes Normal. ,,12,1,13,37.00,0
2059,05-03-2018,4, ELEC-1.2.26 Supply of 50mm PVC Junction Boxes Normal. ,,12,1,13,51.00,0
2060,05-03-2018,4, ELEC-1.2.27 Supply of PVC Junction Boxes Deep size 19/20mm. ,,12,1,13,22.00,0
2061,05-03-2018,4, ELEC-1.2.28 Supply of PVC Junction Boxes Deep size 25mm. ,,12,1,13,25.00,0
2062,05-03-2018,4, ELEC-1.2.29 Supply of PVC Junction Boxes Deep size 32mm. ,,12,1,13,40.00,0
2063,05-03-2018,4, ELEC-1.2.30 Supply of PVC Junction Boxes Deep size 40/38mm. ,,12,1,13,43.00,0
2064,05-03-2018,4, ELEC-1.2.31 Supply of PVC Junction Boxes Deep size 50mm. ,,12,1,13,64.00,0
2065,05-03-2018,4, ELEC-1.2.32 Supply of 19/20mm dia 1.5mm thick PVC Bends makes GoldMedal / Millionplast / GM / Sudhakar / Besto plast / Polyline / VIP.,,12,1,13,4.00,0
2066,05-03-2018,4,ELEC-1.2.33 Supply of 25mm dia 1.5mm thick PVC Bends makes GoldMedal / Millionplast / GM / Sudhakar / Besto plast / Polyline / VIP. .,,12,1,13,6.00,0
2067,05-03-2018,4, ELEC-1.2.34 Supply of 32mm dia 2.0mm thick PVC Bends makes GoldMedal / Millionplast / GM / Sudhakar / Besto plast / Polyline / VIP..,,12,1,13,16.00,0
2068,05-03-2018,4, ELEC-1.2.35 Supply of 40mm dia 2.0mm thick PVC Bends makes GoldMedal / Millionplast / GM / Sudhakar / Besto plast / Polyline / VIP..,,12,1,13,19.00,0
2069,05-03-2018,4, ELEC-1.2.36 Supply of 50mm dia 2.0mm thick PVC Bends makes GoldMedal / Millionplast / GM / Sudhakar / Besto plast / Polyline / VIP..,,12,1,13,28.00,0
2070,05-03-2018,4, ELEC-1.2.37 Dummy Cover to PVC junction boxes ,,12,1,13,4.00,0
2071,05-03-2018,4, ELEC-1.3.1 Supply of 1 or 2 Module box ,,12,1,13,60.00,0
2072,05-03-2018,4, ELEC-1.3.2 Supply of 3 Module box ,,12,1,13,84.00,0
2073,05-03-2018,4, ELEC-1.3.3 Supply of 4 Module box ,,12,1,13,101.00,0
2074,05-03-2018,4, ELEC-1.3.4 Supply of 6 Module box ,,12,1,13,137.00,0
2075,05-03-2018,4, ELEC-1.3.5 Supply of 8 or 9 Module box Horizontal/Vertical. ,,12,1,13,179.00,0
2076,05-03-2018,4, ELEC-1.3.6 Supply of 12 Module box vertical. ,,12,1,13,219.00,0
2077,05-03-2018,4, ELEC-1.3.7 Supply of 4" x 4" Metal Box ,,12,1,13,53.00,0
2078,05-03-2018,4, ELEC-1.3.8 Supply of 4" x 7" Metal Box ,,12,1,13,63.00,0
2079,05-03-2018,4, ELEC-1.3.9 Supply of 6" x 6" Metal Box ,,12,1,13,79.00,0
2080,05-03-2018,4, ELEC-1.3.10 Supply of 6" x 8" Metal Box ,,12,1,13,105.00,0
2081,05-03-2018,4, ELEC-1.3.11 Supply of 10" x 8" Metal Box ,,12,1,13,184.00,0
2082,05-03-2018,4, ELEC-1.3.12 Supply of 10" x 12" Metal Box ,,12,1,13,236.00,0
2083,05-03-2018,4, ELEC-1.4.1 Supply of T.W.Deep Box of Size 4" x 4" ,,12,1,13,15.00,0
2084,05-03-2018,4, ELEC-1.4.2 Supply of T.W.Deep Box of Size 4" x 7" ,,12,1,13,20.00,0
2085,05-03-2018,4, ELEC-1.4.3 Supply of T.W.Deep Box of Size 6" x 6" ,,12,1,13,25.00,0
2086,05-03-2018,4, ELEC-1.4.4 Supply of T.W.Deep Box of Size 6" x 8" ,,12,1,13,30.00,0
2087,05-03-2018,4, ELEC-1.4.5 Supply of T.W.Deep Box of Size 8" x 10" ,,12,1,13,50.00,0
2088,05-03-2018,4, ELEC-1.4.6 Supply of T.W.Deep Box of Size 10" x 12" ,,12,1,13,75.00,0
2089,05-03-2018,4, ELEC-1.4.7 Supply of T.W.Deep Box of Size 12" x 15" ,,12,1,13,110.00,0
2090,05-03-2018,4, ELEC-1.4.8 Supply of Decolam Board of Size 4" x 4" ,,12,1,13,15.00,0
2091,05-03-2018,4, ELEC-1.4.9 Supply of Decolam Board of Size 4" x 7" ,,12,1,13,25.00,0
2092,05-03-2018,4, ELEC-1.4.10 Supply of Decolam Board of Size 6" x 6" ,,12,1,13,35.00,0
2093,05-03-2018,4, ELEC-1.4.11 Supply of Decolam Board of Size 6" x 8" ,,12,1,13,45.00,0
2094,05-03-2018,4, ELEC-1.4.12 Supply of Decolam Board of Size 8" x 10" ,,12,1,13,75.00,0
2095,05-03-2018,4,ELEC-1.4.13 Supply of Decolam Board of Size 10" x 12" ,,12,1,13,110.00,0
2096,05-03-2018,4, ELEC-1.4.14 Supply of Decolam Board of Size 12" x 15" ,,12,1,13,165.00,0
2097,05-03-2018,4, ELEC-1.4.15 Supply of Peeta Board of Size 9" x 14" ,,12,1,13,65.00,0
2098,05-03-2018,4, ELEC-1.4.16 Supply of Peeta Board of Size 12" x 10" ,,12,1,13,75.00,0
2099,05-03-2018,4, ELEC-1.4.17 Supply of Peeta Board of Size 15" x 20" ,,12,1,13,200.00,0
2100,05-03-2018,4, ELEC-1.4.18 Supply of Peeta Board of Size 18" x 24" ,,12,1,13,275.00,0
2101,05-03-2018,4, ELEC-1.4.19 Supply of Peeta Board of Size 18" x 30" ,,12,1,13,350.00,0
2102,05-03-2018,4, ELEC-1.4.20 Supply of No.8 Screws of 12mm. ,,9,1,13,60.00,0
2103,05-03-2018,4, ELEC-1.4.21 Supply of No.8 Screws of 25mm. ,,9,1,13,75.00,0
2104,05-03-2018,4, ELEC-1.4.22 Supply of No.8 Screws of 30mm. ,,9,1,13,90.00,0
2105,05-03-2018,4, ELEC-1.4.23 Supply of No.8 Screws of 35/38mm. ,,9,1,13,100.00,0
2106,05-03-2018,4, ELEC-1.4.24 Supply of No.8 Screws of 50mm. ,,9,1,13,110.00,0
2107,05-03-2018,4, ELEC-1.4.25 Supply of No.8 Screws of 63/75mm. ,,9,1,13,135.00,0
2108,05-03-2018,4, ELEC-1.5.1 Supply of 14/0.3mm (1.0 Sqmm) FRLS / HFFR PVC insulated 1100V grade as perIS:694/1990 specification for Copper cable of makes Finolex / RR kabel / Havells /APAR E-beam.,,10,1,13,1051.00,0
2109,05-03-2018,4, ELEC-1.5.2 Supply of 22/0.3mm (1.5 Sqmm) FRLS / HFFR PVC insulated 1100V grade as perIS:694/1990 specification for Copper cable of  makes Finolex / RR kabel / Havells /APAR E-beam,,10,1,13,1555.00,0
2110,05-03-2018,4, ELEC-1.5.3 Supply of 36/0.3mm (2.5 Sqmm) FRLS / HFFR PVC insulated1100V grade as perIS:694/1990 specification for Copper cable of makes Finolex / RR kabel / Havells /APAR E-beam,,10,1,13,2510.00,0
2111,05-03-2018,4, ELEC-1.5.4 Supply of 56/0.3mm (4.0 Sqmm) FRLS / HFFR PVC insulated1100V grade as perIS:694/1990 specification for Copper cable of makes Finolex / RR kabel / Havells /APAR E-beam,,10,1,13,3833.00,0
2112,05-03-2018,4, ELEC-1.5.5 Supply of 84/0.3mm (6.0 Sqmm) FRLS / HFFR PVC insulated 1100V grade as perIS:694/1990 specification for Copper cable of makes  Finolex / RR kabel / Havells /APAR E-beam,,10,1,13,5828.00,0
2113,05-03-2018,4, ELEC-1.5.6 Supply of 140/0.3mm (10.0 Sqmm) PVC FRLS / HFFR insulated flexible Copper cable of makes Finolex / RR kabel / Havells /APAR E-beam,,10,1,13,9030.00,0
2114,05-03-2018,4, ELEC-1.5.7 Supply of 126/0.4mm (16.0 Sqmm) PVC FRLS / HFFR insulated flexible Copper cable of makes Finolex / RR kabel / Havells /APAR E-beam,,10,1,13,14280.00,0
2115,05-03-2018,4, ELEC-1.5.23 Supply of PVC insulated 2 core 2.5 Sqmm sheathed flexible copper cable for voltage up to 1100V as per IS 694/1991 of makes Finolex / RR Kable / Havells,,10,1,13,6683.00,0
2116,05-03-2018,4, ELEC-1.5.24 Supply of PVC insulated 2 core 4.0 Sqmm sheathed flexible copper cable for voltage up to 1100V as per IS 694/1992 of makes Finolex / RR Kable / Havells.,,10,1,13,10274.00,0
2117,05-03-2018,4, ELEC-1.5.25 Supply of PVC insulated 3 core 1.5 Sqmm sheathed flexible copper cable for voltage up to 1100V as per IS 694/1990 of makes Finolex / RR Kable / Havells.,,10,1,13,5736.00,0
2118,05-03-2018,4, ELEC-1.5.26 Supply of PVC insulated 3 core 2.5 Sqmm sheathed flexible copper cable for voltage up to 1100V as per IS 694/1990 of makes Finolex / RR Kable / Havells.,,10,1,13,9227.00,0
2119,05-03-2018,4, ELEC-1.5.27 Supply of PVC insulated 3 core 4.0 Sqmm sheathed flexible copper cable for voltage up to 1100V as per IS 694/1990 of makes Finolex / RR Kable / Havells.,,10,1,13,14065.00,0
2120,05-03-2018,4, ELEC-1.5.28 Supply of PVC insulated 4 core 1.5 Sqmm sheathed flexible copper cable for voltage up to 1100V as per IS 694/1990 of makes Finolex / RR Kable / Havells.,,10,1,13,7392.00,0
2121,05-03-2018,4, ELEC-1.5.29 Supply of PVC insulated 4 core 2.5 Sqmm sheathed flexible copper cable for voltage up to 1100V as per IS 694/1991 of makes Finolex / RR Kable / Havells.,,10,1,13,11771.00,0
2122,05-03-2018,4, ELEC-1.5.30 Supply of PVC insulated 4 core 4.0 Sqmm sheathed flexible copper cable for voltage up to 1100V as per IS 694/1992 of makes Finolex / RR Kable / Havells.,,10,1,13,17915.00,0
2123,05-03-2018,4, ELEC-1.6.1 Supply of 2.5 Sqmm WPSC (Weather Proof Single Core) ISI Alluminium Wire of makes Gold Medal / Million / GM / Vimal / Finecab / Nakoda / Nanadicab / Payal / Kundan cab/Sudhakar.,,10,1,13,737.00,0
2124,05-03-2018,4, ELEC-1.6.2 Supply of 6 Sqmm WPSC (Weather Proof Single Core) ISI Alluminium Wire of makes Gold Medal / Million / GM / Vimal / Finecab / Nakoda / Nanadicab / Payal / Kundan cab/Sudhakar.,,10,1,13,1497.00,0
2125,05-03-2018,4, ELEC-1.6.3 Supply of 10 Sqmm WPSC (Weather Proof Single Core) ISI Alluminium Wire of makes Gold Medal / Million / GM / Vimal / Finecab / Nakoda / Nanadicab / Payal / Kundan cab/Sudhakar.,,10,1,13,1611.00,0
2126,05-03-2018,4, ELEC-1.6.4 Supply of 16 Sqmm WPSC (Weather Proof Single Core) ISI Alluminium Wire of makes Gold Medal / Million / GM / Vimal / Finecab / Nakoda / Nanadicab / Payal / Kundan cab/Sudhakar.,,10,1,13,2693.00,0
2127,05-03-2018,4, ELEC-1.6.5 Supply of 6 Sqmm WPTC (Weather Proof Twin Core) ISI Alluminium Wire of makes Gold Medal / Million / GM / Vimal / Finecab / Nakoda / Nanadicab / Payal / Kundan cab/Sudhakar.,,10,1,13,3017.00,0
2128,05-03-2018,4, ELEC-1.6.6 Supply of 10 Sqmm WPTC (Weather Proof Twin Core) ISI Alluminium Wire of makes Gold Medal / Million / GM / Vimal / Finecab / Nakoda / Nanadicab / Payal / Kundan cab/Sudhakar.,,10,1,13,3629.00,0
2129,05-03-2018,4, ELEC-1.6.7 Supply of 16 Sqmm WPTC (Weather Proof Twin Core) ISI Alluminium Wire of makes Gold Medal / Million / GM / Vimal / Finecab / Nakoda / Nanadicab / Payal / Kundan cab/Sudhakar.,,10,1,13,6804.00,0
2130,05-03-2018,4, ELEC-1.6.8 Supply of 23 / 0060 twin core twisted / flat heavy Copper wire of makes Gold Medal / Million / GM / Vimal / Finecab / Nakoda / Nanadicab / Payal / Kundan cab.,,10,1,13,1040.00,0
2131,05-03-2018,4, ELEC-1.6.9 Supply of 3 Core 1.5 Sqmm Flat Copper cable of ISI for Submersible Motors of makes Finolex / Polycab / Havells / V-Guard / Gold Medal / GM / Million / Vimal / Nandicab / Kundan cab/Hi-Tech.,,10,1,13,5717.00,0
2132,05-03-2018,4, ELEC-1.6.10 Supply of 3 Core 2.5 Sqmm Flat Copper cable as per IS 694:1990 for Submersible Motors of makes Finolex / Polycab / Havells / V-Guard / Gold Medal / GM / Million / Vimal / Nandicab / Kundan cab/Hi-Tech.,,10,1,13,8778.00,0
2133,05-03-2018,4, ELEC-1.6.11 Supply of 3 Core 4.0 Sqmm Flat Copper cable as per IS 694:1990 for Submersible Motors of makes Finolex / Polycab / Havells / V-Guard / Gold Medal / GM / Million / Vimal / Nandicab / Kundan cab/Hi-Tech.,,10,1,13,13167.00,0
2134,05-03-2018,4, ELEC-1.6.12 Supply of 3 Core 6.0 Sqmm Flat Copper cable as per IS 694:1990 for Submersible Motors of makes Finolex / Polycab / Havells / V-Guard / Gold Medal / GM / Million / Vimal / Nandicab / Kundan cab/Hi-Tech.,,10,1,13,19404.00,0
2135,05-03-2018,4, ELEC-1.6.13 Supply of 3 Core 10.0 Sqmm Flat Copper cable as per IS 694:1990 for Submersible Motors of makes Finolex / Polycab / Havells / V-Guard / Gold Medal / GM / Million / Vimal / Nandicab / Kundan cab/Hi-Tech.,,10,1,13,31532.00,0
2136,05-03-2018,4, ELEC-1.7.1 Supply of 6A 1 Way flush type Swich of makes GM G Home / Gold Medal Olive / Million Zoom / Anchor Penta Cherry / Great white Omega.,,12,1,13,18.00,0
2137,05-03-2018,4, ELEC-1.7.2 Supply of 6A 2 Way flush type Swich of makes GM G Home / Gold Medal Olive / Million Zoom / Anchor Penta Cherry / Great white Omega,,12,1,13,21.00,0
2138,05-03-2018,4, ELEC-1.7.3 Supply of 6A 2 pin flush type Socket of makes GM G Home / Gold Medal Olive / Million Zoom / Anchor Penta Cherry / Great white Omega,,12,1,13,20.00,0
2139,05-03-2018,4, ELEC-1.7.4 Supply of 6A 3/2 pin flush type Socket with shutter of makes GM G Home / Gold Medal Olive / Million Zoom / Anchor Penta Cherry / Great white Omega,,12,1,13,27.00,0
2140,05-03-2018,4, ELEC-1.7.5 Supply of 6A flush type Neon Indicator of makes GM G Home / Gold Medal Olive / Million Zoom / Anchor Penta Cherry / Great white Omega,,12,1,13,20.00,0
2141,05-03-2018,4, ELEC-1.7.6 Supply of 6A Triangle Plug Top of makes GM G Home / Gold Medal Olive / Million Zoom / Anchor Penta Cherry / Great white Omega,,12,1,13,35.00,0
2142,05-03-2018,4, ELEC-1.7.7 Supply of 6A 1 Way flush type Bed Swich / Bell Push of makes GM G Home / Gold Medal Olive / Million Zoom / Anchor Penta Cherry / Great white Omega,,12,1,13,21.00,0
2143,05-03-2018,4, ELEC-1.7.8 Supply of 16A flush type Swich of makes GM G Home / Gold Medal Olive / Million Zoom / Anchor Penta Cherry / Great white Omega,,12,1,13,65.00,0
2144,05-03-2018,4, ELEC-1.7.9 Supply of 16A flush type Socket with shutter of makes GM G Home / Gold Medal Olive / Million Zoom / Anchor Penta Cherry / Great white Omega,,12,1,13,65.00,0
2145,05-03-2018,4, ELEC-1.7.10 Supply of 16A flush type Switch Socket combined (2 in one) of makes GM G Home / Gold Medal Olive / Million Zoom / Anchor Penta Cherry / Great white Omega,,12,1,13,102.00,0
2146,05-03-2018,4, ELEC-1.7.11 Supply of 16A Triangle Plug Top of makes GM G Home / Gold Medal Olive / Million Zoom / Anchor Penta Cherry / Great white Omega,,12,1,13,50.00,0
2147,05-03-2018,4, ELEC-1.7.12 Supply of stepped type Electronic Regulator of makes Gold Medal Olive / Million Zoom / Anchor Penta Cherry.,,12,1,13,198.00,0
2148,05-03-2018,4, ELEC-1.7.13 Supply of 3 Plate Jumbo Ceiling Rose of makes Anchor / Gold Medal Olive / Million Zoom,,12,1,13,21.00,0
2149,05-03-2018,4, ELEC-1.7.14 Supply of BH / SBH of makes Anchor / Gold Medal Olive / Million Zoom.,,12,1,13,20.00,0
2150,05-03-2018,4, ELEC-1.7.15 Supply of Pendent Holder / Adopter of makesAnchor / Gold Medal Olive / Million Zoom.,,12,1,13,17.00,0
2151,05-03-2018,4, ELEC-1.7.16 Supply of Telephone Jack with Connector of makes GM G Home / Gold Medal Olive / Million Zoom / Anchor Penta Cherry / Great white Omega.,,12,1,13,48.00,0
2152,05-03-2018,4, ELEC-1.7.17 Supply of TV Antenna Outlet of makes GM G Home / Gold Medal Olive / Million Zoom / Anchor Penta Cherry / Great white Omega,,12,1,13,26.00,0
2153,05-03-2018,4, ELEC-1.7.18 Supply of 15A/10A Flush type Fuse of makes GM / Million / Gold Medal / Maru Mantero / Anchor Penta Cherry / Great white.,,12,1,13,32.00,0
2154,05-03-2018,4, ELEC-1.7.19 Supply of 32A DP Flush type of makes GM / Million / Gold Medal / Maru Mantero / Anchor Penta Cherry / Great white.,,12,1,13,106.00,0
2155,05-03-2018,4, ELEC-1.7.20 Supply of Calling Bell of makes GM / Million / Gold Medal / Maru Mantero / Anchor Penta Cherry / Great white.,,12,1,13,70.00,0
2156,05-03-2018,4, ELEC-1.7.21 Supply of Buzzer of makes Anchor / Gold Medal / Million / Vimal / Maru.,,12,1,13,60.00,0
2157,05-03-2018,4, ELEC-1.7.22 Supply of Ding Dong Bell of makes Anchor / Gold Medal / Million / Vimal / Maru.,,12,1,13,150.00,0
2158,05-03-2018,4, ELEC-1.7.23 Supply of Electronic Musical Bell of makes Anchor / Gold Medal / Million / Vimal / Maru.,,12,1,13,240.00,0
2159,05-03-2018,4, ELEC-1.7.24 Supply of Remote Bell of makes Anchor / Gold Medal / Million / Vimal / Maru.,,12,1,13,700.00,0
2160,05-03-2018,4, ELEC-1.7.25 Supply of MC Holder of makes Anchor / Gold Medal / Million / Vimal / Maru.,,12,1,13,21.00,0
2161,05-03-2018,4, ELEC-1.7.26 Supply of Spike Guard with 1 No Switch and 4 Nos Sockets of makes Anchor / Gold Medal / Million / Vimal / Maru.,,12,1,13,400.00,0
2162,05-03-2018,4, ELEC-1.7.27 Supply of Spike Guard with 4 No Switches and 4 Nos Sockets of makes Anchor / Gold Medal / Million / Vimal /Maru.,,12,1,13,550.00,0
2163,05-03-2018,4, ELEC-1.8.1 Supply of 6A / 10A 1 Way 1 Module Modular Switch. Makes: Legrand Arteor / Schneider Zen celo/ Crabtree Murano/ GM-Zenova.,,12,1,13,92.00,0
2164,05-03-2018,4, ELEC-1.8.2 Supply of 6A / 10A 2 Way 1 Module Modular Switch. Makes: Legrand Arteor / Schneider Zen celo / Crabtree Murano/ GM-Zenova,,12,1,13,101.00,0
2165,05-03-2018,4, ELEC-1.8.3 Supply of 6A / 10A 2 Pin 2 Module Modular Socket. Makes:Legrand Arteor / Schneider Zen celo/ Crabtree Murano/ GM-Zenova,,12,1,13,93.00,0
2166,05-03-2018,4, ELEC-1.8.4 Supply of 6A / 10A 3/2 Pin 2 Module Modular Socket with shutter. Makes:Legrand Arteor / Schneider Zen celo/ Crabtree Murano/ GM-Zenova,,12,1,13,141.00,0
2167,05-03-2018,4, ELEC-1.8.5 Supply of 6A / 10A 1 Module Modular Switch with Neon Indicator. Makes: Legrand Arteor / Schneider Zen celo/ Crabtree Murano/ GM-Zenova,,12,1,13,117.00,0
2168,05-03-2018,4, ELEC-1.8.6 Supply of 6A / 10A Modular Bell Push with Neon Indicator. Makes:Legrand Arteor / Schneider Zen celo/ Crabtree Murano/ GM-Zenova,,12,1,13,137.00,0
2169,05-03-2018,4, ELEC-1.8.7 Supply of 16A / 10A Modular Flush Fuse with Neon Indicator. Makes:Legrand Arteor / Schneider Zen celo/ Crabtree Murano/ GM-Zenova,,12,1,13,126.00,0
2170,05-03-2018,4, ELEC-1.8.17 Supply of 6A / 10A 1 Way 1 Module Modular Switch. Makes: Legrand Myrius / Cabtree Thames Platinum / GM- Zicono/ / Million / Logus / Gold Medal Curve / GIFA / CPL/ Panasonic Vision / Salzer S 90 Series..,,12,1,13,63.00,0
2171,05-03-2018,4, ELEC-1.8.18 Supply of 6A / 10A 2 Way 1 Module Modular Switch. Makes: Legrand Myrius / Cabtree Thames Platinum / GM- Zicono / Million / Logus / Gold Medal Curve / GIFA / CPL/ Panasonic Vision / Salzer S 90 Series.,,12,1,13,75.00,0
2172,05-03-2018,4, ELEC-1.8.19 Supply of 6A / 10A 2 Pin 1 Module Modular Socket with shutter. Makes: Makes: Legrand Myrius / Cabtree Thames Platinum / GM- Zicono / Million / Logus / Gold Medal Curve / GIFA / CPL/ Panasonic Vision / Salzer S 90 Series.,,12,1,13,64.00,0
2173,05-03-2018,4, ELEC-1.8.20 Supply of 6A / 10A 3/2 Pin 2 Module Modular Socket with shutter. Makes: Makes: Legrand Myrius / Cabtree Thames Platinum / GM- Zicono / Million / Logus / Gold Medal Curve / GIFA / CPL/ Panasonic Vision / Salzer S 90 Series.,,12,1,13,93.00,0
2174,05-03-2018,4, ELEC-1.8.21 Supply of 6A / 10A 1 Module Modular Switch with Neon Indicator. Makes: Legrand Myrius / Cabtree Thames Platinum / GM- Zicono / Million / Logus / Gold Medal Curve / GIFA / CPL/ Panasonic Vision / Salzer S 90 Series..,,12,1,13,75.00,0
2175,05-03-2018,4, ELEC-1.8.22 Supply of 6A / 10A 1 Module Modular Bell Push with Neon Indicator. Makes: Legrand Myrius / Cabtree Thames Platinum / GM- Zicono / Million / Logus / Gold Medal Curve / GIFA / CPL/ Panasonic Vision / Salzer S 90 Series.,,12,1,13,90.00,0
2176,05-03-2018,4, ELEC-1.8.23 Supply of 16A / 10A 1 Module Modular Flush Fuse with Neon Indicator. Makes: Legrand Myrius / Cabtree Thames Platinum / GM- Zicono / Million / Logus / Gold Medal Curve / GIFA / CPL/ Panasonic Vision / Salzer S 90 Series.,,12,1,13,83.00,0
2177,05-03-2018,4, ELEC-1.8.24 Supply of 16A / 20A 1 Way 1 Module Modular Switch. Makes: Legrand Myrius / Cabtree Thames Platinum /GM- Zicono / Million / Logus / Gold Medal Curve / GIFA / CPL/ Panasonic Vision / Salzer S 90 Series..,,12,1,13,83.00,0
2178,05-03-2018,4, ELEC-1.8.25 Supply of 16A / 20A 2 Way 1 Module Modular Switch. Makes: Legrand Myrius / Cabtree Thames Platinum / GM- Zicono / Million / Logus / Gold Medal Curve / GIFA / CPL/ Panasonic Vision / Salzer S 90 Series.,,12,1,13,95.00,0
2179,05-03-2018,4, ELEC-1.8.26 Supply of 20A 1 Way 1 Module Modular Switch with Indicator. Makes: Legrand Myrius / Cabtree Thames Platinum / GM- Zicono / Million / Logus / Gold Medal Curve / GIFA / CPL/ Panasonic Vision / Salzer S 90 Series.,,12,1,13,91.00,0
2180,05-03-2018,4, ELEC-1.8.27 Supply of 20A 2 Module Modular Socket with shutter. Makes: Legrand Myrius / Cabtree Thames Platinum / GM- Zicono /G Nine / Million / Logus / Gold Medal Curve / GIFA / CPL/ Panasonic Vision / Salzer S 90 Series..,,12,1,13,133.00,0
2181,05-03-2018,4, ELEC-1.8.28 Supply of 16A/6A 1 way 2 Module Combi Socket Modular Socket with shutter. Makes: Legrand Myrius / Cabtree Thames Platinum /GM- Zicono / Million / Logus / Gold Medal Curve / GIFA / CPL/ Panasonic Vision / Salzer S 90 Series,,12,1,13,135.00,0
2182,05-03-2018,4, ELEC-1.8.29 Supply of 16A Triangle Top. Makes: Legrand Myrius / Cabtree Thames Platinum / GM- Zicono / Million / Logus / Gold Medal Curve / GIFA / CPL/ Panasonic Vision / Salzer S 90 Series,,12,1,13,65.00,0
2183,05-03-2018,4, ELEC-1.8.30 Supply of 1 Module Modular type Electronic step type Fan Regulator. Makes: Legrand Myrius / Cabtree Thames Platinum /GM- Zicono / Million / Logus / Gold Medal Curve / GIFA / CPL/ Panasonic Vision / Salzer S 90 Series,,12,1,13,319.00,0
2184,05-03-2018,4, ELEC-1.8.31 Supply of Modular socket type Telephone jack with Connector. Makes: Legrand Myrius / Cabtree Thames Platinum / GM- Zicono / Million / Logus / Gold Medal Curve / GIFA / CPL/ Panasonic Vision / Salzer S 90 Series.,,12,1,13,65.00,0
2185,05-03-2018,4, ELEC-1.8.32 Supply of Modular co-Axial socket type TV Antenna outlet. Makes: Legrand Myrius / Cabtree Thames Platinum / GM- Zicono / Million / Logus / Gold Medal Curve / GIFA / CPL/ Panasonic Vision / Salzer S 90 Series..,,12,1,13,64.00,0
2186,05-03-2018,4, ELEC-1.8.33 Supply of 1 or 2 Modular Cover Frame. Makes:Legrand Arteor / Schneider Zen celo/ Crabtree Murano/ GM-Zenova,,12,1,13,65.00,0
2187,05-03-2018,4, ELEC-1.8.34  Supply of 3 Modular Cover Frame. Makes:Legrand Arteor / Schneider Zen celo/ Crabtree Murano/ GM-Zenova.,,12,1,13,77.00,0
2188,05-03-2018,4, ELEC-1.8.35 Supply of 4 Modular Cover Frame. Makes: Legrand Arteor / Schneider Zen celo/ Crabtree Murano/ GM-Zenova,,12,1,13,89.00,0
2189,05-03-2018,4, ELEC-1.8.36 Supply of 6 Modular Cover Frame . Makes:Legrand Arteor / Schneider Zen celo/ Crabtree Murano/ GM-Zenova.,,12,1,13,130.00,0
2190,05-03-2018,4, ELEC-1.8.37 Supply of 8 Modular Horizontal / Vertical Cover Frame. Makes: Legrand Arteor / Schneider Zen celo/ Crabtree Murano / GM-Zenova ,,12,1,13,172.00,0
2191,05-03-2018,4, ELEC-2.1.1 Supply of 32A TPN Switch Disconnector Fuse Unit Cubical type without fuses of makes L&T / G E / C&S / ABB / SIEMENS,,12,1,13,1525.00,0
2192,05-03-2018,4, ELEC-2.1.2 Supply of 63A TPN Switch Disconnector Fuse Unit Cubical type without fuses of makes L&T / G E / C&S / ABB / SIEMENS,,12,1,13,2625.00,0
2193,05-03-2018,4, ELEC-2.1.3 Supply of 125A TPN Switch Disconnector Fuse Unit Cubical  type without fuses of makes L&T / G E / C&S / ABB / SIEMENS,,12,1,13,6295.00,0
2194,05-03-2018,4, ELEC-2.1.4 Supply of 200A TPN Switch Disconnector Fuse Unit Cubical  type without fuses of makes L&T / G E / C&S / ABB / SIEMENS,,12,1,13,8215.00,0
2195,05-03-2018,4, ELEC-2.1.5 Supply of 250A TPN Switch Disconnector Fuse Unit Cubical  type without fuses of makes L&T / G E / C&S / ABB / SIEMENS,,12,1,13,9865.00,0
2196,05-03-2018,4, ELEC-2.1.6 Supply of 400A TPN Switch Disconnector Fuse Unit Cubical  type without fuses of makes L&T / G E / C&S / ABB /SIEMENS,,12,1,13,15185.00,0
2197,05-03-2018,4, ELEC-2.1.7 Supply of 630A TPN Switch Disconnector Fuse Unit Cubical type without fuses of makes L&T / G E / C&S / ABB / SIEMENS,,12,1,13,25690.00,0
2198,05-03-2018,4, ELEC-2.2.1 Supply of 63A 4 Pole Change Over Switch on Load with open Execution of makes Socomec / L & T / HPL / Havells,,12,1,13,4890.00,0
2199,05-03-2018,4, ELEC-2.2.2 Supply of 125A 4 Pole Change Over Switch on Load with open Execution of makes Socomec / L & T / HPL / Havells,,12,1,13,9255.00,0
2200,05-03-2018,4, ELEC-2.2.3 Supply of 200A 4 Pole Change Over Switch on Load with open Execution of makes Socomec / L & T / HPL / Havells,,12,1,13,12385.00,0
2201,05-03-2018,4, ELEC-2.2.4 Supply of 250A 4 Pole Change Over Switch on Load with open Execution of makes Socomec / L & T / HPL / Havells,,12,1,13,17600.00,0
2202,05-03-2018,4, ELEC-2.2.5 Supply of 400A 4 Pole Change Over Switch on Load with open Execution of makes Socomec / L & T / HPL / Havells,,12,1,13,26855.00,0
2203,05-03-2018,4, ELEC-2.2.6 Supply of 630A 4 Pole Change Over Switch on Load with open Execution of makes Socomec / L & T / HPL / Havells,,12,1,13,31945.00,0
2204,05-03-2018,4, ELEC-2.3.1 Supply of 32A 240V DP Off load Changeover Switch in sheet steel enclosure of makes HPL / Havells / Standard / Indo Asian / C&S.,,12,1,13,1450.00,0
2205,05-03-2018,4, ELEC-2.3.2 Supply of 63A 415V FP Off load Changeover Switch in sheet steel enclosure of makesHPL / Havells / Standard / Indo Asian / C&S.,,12,1,13,5053.00,0
2206,05-03-2018,4, ELEC-2.3.3 Supply of 100A 415V FP Off load Changeover Switch in sheet steel enclosure of makes HPL / Havells / Standard / Indo Asian / C&S.,,12,1,13,7707.00,0
2207,05-03-2018,4, ELEC-2.4.1 Supply of 32A 240V SPN Rewirable Fuse Switch in SS enclosure of makes HPL / Havells / Standard / Indo Asian ,,12,1,13,1110.00,0
2208,05-03-2018,4, ELEC-2.4.2 Supply of 32A 415V TPN Rewirable Fuse Switch in SS enclosure of makes HPL / Havells / Standard / Indo Asian ,,12,1,13,1710.00,0
2209,05-03-2018,4, ELEC-2.4.3 Supply of 63A 415V TPN Rewirable Fuse Switch in SS enclosure of makes HPL / Havells / Standard / Indo Asian ,,12,1,13,3905.00,0
2210,05-03-2018,4, ELEC-2.4.4 Supply of 100A 415V TPN Rewirable Fuse Switch in SS enclosure of makes HPL / Havells / Standard / Indo Asian ,,12,1,13,7270.00,0
2211,05-03-2018,4, ELEC-2.4.5 Supply of 100A 415V TPN Double Break Switch in SS enclosure without fuses of makes HPL / Havells / Standard / Indo Asian ,,12,1,13,7320.00,0
2212,05-03-2018,4, ELEC-2.4.6 Supply of 200A 415V TPN Double Break Switch in SS enclosure without fuses of makes HPL / Havells / Standard / Indo Asian ,,12,1,13,10675.00,0
2213,05-03-2018,4, ELEC-2.5.1 Supply of up to 32A HRC Fuse Links of makes L & T / G E / C & S / Standard / HPL / Havells /Siemens / Indo Asian,,12,1,13,55.00,0
2214,05-03-2018,4, ELEC-2.5.2 Supply of 32A to 63A HRC Fuse Links of makes L & T / G E / C & S / Standard / HPL / Havells /Siemens / Indo Asian,,12,1,13,85.00,0
2215,05-03-2018,4, ELEC-2.5.3 Supply of 125A to 200A HRC Fuse Links of makes L & T / G E / C & S / Standard / HPL / Havells /Siemens / Indo Asian,,12,1,13,270.00,0
2216,05-03-2018,4, ELEC-2.5.4 Supply of 250A to 350A HRC Fuse Links of makes L & T / G E / C & S / Standard / HPL / Havells /Siemens / Indo Asian,,12,1,13,390.00,0
2217,05-03-2018,4, ELEC-2.5.5 Supply of 400A HRC Fuse Links of makes L & T / G E / C & S / Standard / HPL / Havells /Siemens / Indo Asian,,12,1,13,760.00,0
2218,05-03-2018,4, ELEC-2.5.6 Supply of 630A HRC Fuse Links of makes L & T / G E / C & S / Standard / HPL / Havells /Siemens / Indo Asian,,12,1,13,1535.00,0
2219,05-03-2018,4, ELEC-2.6.1 Supply of 32A 240V Porcelain Rewirable Fuse Units of makes GM / Sputnik / Million / Gold Medal / Vimal / Star /Benlo / Kundan cab,,12,1,13,100.00,0
2220,05-03-2018,4, ELEC-2.6.2 Supply of 32A 415V Porcelain Rewirable Fuse Units of makes GM / Sputnik / Million / Gold Medal / Vimal / Star /Benlo / Kundan cab,,12,1,13,125.00,0
2221,05-03-2018,4, ELEC-2.6.3 Supply of 63A 415V Porcelain Rewirable Fuse Units of makes GM / Sputnik / Million / Gold Medal / Vimal / Star /Benlo / Kundan cab,,12,1,13,260.00,0
2222,05-03-2018,4, ELEC-2.6.4 Supply of 100A 415V Porcelain Rewirable Fuse Units of makes GM / Sputnik / Million / Gold Medal / Vimal / Star /Benlo / Kundan cab,,12,1,13,485.00,0
2223,05-03-2018,4, ELEC-2.6.5 Supply of 200A 415V Porcelain Rewirable Fuse Units with extension strip of makes GM / Sputnik / Million / Gold Medal / Vimal / Star /Benlo / Kundan cab,,12,1,13,895.00,0
2224,05-03-2018,4, ELEC-2.7.1 Supply of 2 Pole 2 Module 40 KA 1.4 KV Voltage Surge Protector of make Legrand / Siemens / G.E / L&T / Hager,,12,1,13,8000.00,0
2225,05-03-2018,4, ELEC-2.7.2 Supply of 4 Pole 4 Module 40 KA 1.4 KV Voltage Surge Protector of make Legrand / Siemens / G.E / L&T / Hager,,12,1,13,15000.00,0
2226,05-03-2018,4, ELEC-2.7.3 Supply of 2 Pole 2 Module 15 KA 1.2 KV Voltage Surge Protector of make Legrand / Siemens / G.E / L&T / Hager,,12,1,13,6400.00,0
2227,05-03-2018,4, ELEC-2.7.4 Supply of 4 Pole 4 Module 15 KA 1.2 KV Voltage Surge Protector of make Legrand / Siemens / G.E / L&T / Hager,,12,1,13,12000.00,0
2228,05-03-2018,4, ELEC-2.8.1 Supply of 63A / 60A 3 Pole MCCB; Adjustable; Confirms to  IS/IEC 60947-2 having Breaking Capacity 25 KA Panel Mounted of makes L&T / Schneider / Siemens / Hager,,12,1,13,6840.00,0
2229,05-03-2018,4, ELEC-2.8.2 Supply of 125A 3 Pole MCCB; Adjustable; Confirms to IS/IEC 60947-2 having Breaking Capacity 25 KA Panel Mounted of makes L&T / Schneider / Siemens / Hager,,12,1,13,8120.00,0
2230,05-03-2018,4, ELEC-2.8.3 Supply of 250A 3 Pole MCCB; Adjustable; Confirms to IS/IEC 60947-2 having Breaking Capacity 36/35 KA Panel Mounted of makes L&T / Schneider / Siemens / Hager,,12,1,13,18080.00,0
2231,05-03-2018,4, ELEC-2.8.4 Supply of 400A 3 Pole MCCB; Adjustable; Confirms to IS/IEC 60947-2 having Breaking Capacity 36/35 KA Panel Mounted of makes L&T / Schneider / Siemens / Hager,,12,1,13,24480.00,0
2232,05-03-2018,4, ELEC-2.8.5 Supply of 63A / 60A 4 Pole MCCB; Adjustable; Confirms to IS/IEC 60947-2 having Breaking Capacity 25 KA Panel Mounted of makes L&T / Schneider / Siemens / Hager.,,12,1,13,7690.00,0
2233,05-03-2018,4, ELEC-2.8.6 Supply of 125A 4 Pole MCCB; Adjustable; Confirms to IS/IEC 60947-2 having Breaking Capacity 25 KA Panel Mounted of makesL&T / Schneider / Siemens / Hager,,12,1,13,9820.00,0
2234,05-03-2018,4, ELEC-2.8.7 Supply of 250A 4 Pole MCCB; Adjustable; Confirms to IS/IEC 60947-2 having Breaking Capacity 35 KA Panel Mounted of makes L&T / Schneider / Siemens / Hager.,,12,1,13,23500.00,0
2235,05-03-2018,4, ELEC-2.9.13 Supply of 6-32A 10KA TP MCB; C/D Curve ISI Mark of make Siemens / ABB / Standard / Havells / HPL (Tecno) /Hager / Indo Asian (Gold Plus) / C&S / GM /Gold Meda,,12,1,13,818.00,0
2236,05-03-2018,4, ELEC-2.9.14 Supply of 40-63A 10KA TP MCB; C/D Curve ISI Mark of make Siemens / ABB / Standard / Havells / HPL (Tecno) /Hager / Indo Asian (Gold Plus) / C&S / GM /Gold Meda,,12,1,13,1134.00,0
2237,05-03-2018,4, ELEC-2.9.15 Supply of 6-32A 10KA FP MCB; C/D Curve ISI Mark of make Siemens / ABB / Standard / Havells / HPL (Tecno) /Hager / Indo Asian (Gold Plus) / C&S / GM /Gold Meda,,12,1,13,1062.00,0
2238,05-03-2018,4, ELEC-2.9.16 Supply of 40 - 63A 10KA FP MCB; C/D Curve ISI Mark of make Siemens / ABB / Standard / Havells / HPL (Tecno) /Hager / Indo Asian (Gold Plus) / C&S / GM /Gold Meda,,12,1,13,1424.00,0
2239,05-03-2018,4, ELEC-2.11.9 Supply of 40A 2 Pole RCCB 30mA; of makes Siemens / ABB / Standard / Havells / HPL(Tecno) /Hager / Indo Asian(Gold Plus) / C&S / GM,,12,1,13,2152.00,0
2240,05-03-2018,4, ELEC-2.11.10 Supply of 63A 2 Pole RCCB 30mA; of makes Siemens / ABB / Standard / Havells / HPL(Tecno) /Hager / Indo Asian(Gold Plus) / C&S / GM,,12,1,13,2902.00,0
2241,05-03-2018,4, ELEC-2.11.11 Supply of 40A 2 Pole RCCB 100mA; of makes Siemens / ABB / Standard / Havells / HPL(Tecno) /Hager / Indo Asian(Gold Plus) / C&S / GM,,12,1,13,2118.00,0
2242,05-03-2018,4, ELEC-2.11.12 Supply of 63A 2 Pole RCCB 100mA; of makes Siemens / ABB / Standard / Havells / HPL(Tecno) /Hager / Indo Asian(Gold Plus) / C&S / GM,,12,1,13,2780.00,0
2243,05-03-2018,4, ELEC-2.11.13 Supply of 40A 4 Pole RCCB 30mA; of makes Siemens / ABB / Standard / Havells / HPL(Tecno) /Hager / Indo Asian(Gold Plus) / C&S / GM,,12,1,13,2647.00,0
2244,05-03-2018,4, ELEC-2.11.14 Supply of 63A 4 Pole RCCB 30mA; of makes Siemens / ABB / Standard / Havells / HPL(Tecno) /Hager / Indo Asian(Gold Plus) / C&S / GM,,12,1,13,3019.00,0
2245,05-03-2018,4, ELEC-2.11.15 Supply of 40A 4 Pole RCCB 100mA; of makes Siemens / ABB / Standard / Havells / HPL(Tecno) /Hager / Indo Asian(Gold Plus) / C&S / GM,,12,1,13,2558.00,0
2246,05-03-2018,4, ELEC-2.11.16 Supply of 63A 4 Pole RCCB 100mA; of makes Siemens / ABB / Standard / Havells / HPL(Tecno) /Hager / Indo Asian(Gold Plus) / C&S / GM,,12,1,13,2947.00,0
2247,05-03-2018,4, ELEC-2.12.7 Supply of 4 Way SPN DB with IP 20 Protection as per IS:13032 and suitable for 4Nos S.P out goings and for 1 No Incommer etc complete of makes Siemens / ABB / Standard / Havells / HPL /Hager / Indo Asian / C&S / GM /Gold Medal,,12,1,13,490.00,0
2248,05-03-2018,4, ELEC-2.12.8 Supply of 8 Way SPN DB with IP 20 Protection as per IS:13032 and suitable for 8 Nos S.P out goings and for 1 No Incommer etc complete of makes Siemens / ABB / Standard / Havells / HPL /Hager / Indo Asian / C&S / GM /Gold Medal,,12,1,13,635.00,0
2249,05-03-2018,4, ELEC-2.12.9 Supply of 12 Way SPN DB with IP 20 Protection as per IS:13032 and suitable for 12 Nos S.P out goings and for 1 No Incommer etc complete of makes Siemens / ABB / Standard / Havells / HPL /Hager / Indo Asian / C&S / GM /Gold Medal,,12,1,13,730.00,0
2250,05-03-2018,4, ELEC-2.12.10 Supply of 4 Way SPN DB with IP 43 Protection as per IS:13032 and suitable for 4Nos S.P out goings and for 1 No Incommer etc completeof makes Siemens / ABB / Standard / Havells / HPL /Hager / Indo Asian / C&S / GM /Gold Medal,,12,1,13,840.00,0
2251,05-03-2018,4, ELEC-2.12.11 Supply of 8 Way SPN DB with IP 43 Protection as per IS:13032 and suitable for 8 Nos S.P out goings and for 1 No Incommer etc complete of makes Siemens / ABB / Standard / Havells / HPL /Hager / Indo Asian / C&S / GM /Gold Medal,,12,1,13,1185.00,0
2252,05-03-2018,4, ELEC-2.12.12 Supply of 12 Way SPN DB with IP 43 Protection as per IS:13032 and suitable for 12 Nos S.P out goings and for 1 No Incommer etc complete of makes Siemens / ABB / Standard / Havells / HPL /Hager / Indo Asian / C&S / GM /Gold Medal,,12,1,13,1420.00,0
2253,05-03-2018,4, ELEC-2.12.17 Supply of 8 Way SPN DB with IP 43 Protection as per IS:13032 and suitable for 8 Nos S.P out goings and for 1 No Incommer etc complete of makes Milltec / Sputnik / Benlo / Vimal,,12,1,13,795.00,0
2254,05-03-2018,4, ELEC-2.12.18 Supply of 12 Way SPN DB with IP 43 Protection as per IS:13032 and suitable for 12 Nos S.P out goings and for 1 No Incommer etc complete of makes Milltec / Sputnik / Benlo / Vimal,,12,1,13,1000.00,0
2255,05-03-2018,4, ELEC-2.12.39 Supply of 4 Way TPN DB Horizontal with IP 20 Protection as per IS:13032 and suitable for 12 Nos S.P. out goings and for 1 No 4 pole Incommer etc complete of makes Siemens / ABB / Standard / Havells / HPL / Hager/Indo Asian / C&S / GM /Gold Medal,,12,1,13,1630.00,0
2256,05-03-2018,4, ELEC-2.12.40 Supply of 8 Way TPN DB Horizontal with IP 20 Protection as per IS:13032 and suitable for 24 Nos S.P. out goings and for 1 No 4 pole Incommer etc complete of makes Siemens / ABB / Standard / Havells / HPL / Hager/Indo Asian / C&S / GM /Gold Medal,,12,1,13,2310.00,0
2257,05-03-2018,4, ELEC-2.12.41 Supply of 12 Way TPN DB Horizontal with IP 20 Protection as per IS:13032 and suitable for 36 Nos S.P. out goings and for 1 No 4 pole Incommer etc complete of makes Siemens / ABB / Standard / Havells / HPL / Hager/Indo Asian / C&S / GM /Gold Medal,,12,1,13,3150.00,0
2258,05-03-2018,4, ELEC-2.12.42 Supply of 4 Way TPN DB Horizontal with IP 43 Protection as per IS:13032 and suitable for 12 Nos S.P. out goings and for 1 No 4 pole Incommer etc complete of makes Siemens / ABB / Standard / Havells / HPL / Hager/Indo Asian / C&S / GM /Gold Medal,,12,1,13,2310.00,0
2259,05-03-2018,4, ELEC-2.12.43 Supply of 8 Way TPN DB Horizontal with IP 43 Protection as  per IS:13032 and suitable for 24 Nos S.P. out goings and for 1 No 4 pole Incommer etc complete of makes Siemens / ABB / Standard / Havells / HPL / Hager/Indo Asian / C&S / GM /Gold Medal,,12,1,13,3675.00,0
2260,05-03-2018,4, ELEC-2.12.44 Supply of 12 Way TPN DB Horizontal with IP 43 Protection as per IS:13032 and suitable for 36 Nos S.P. out goings and  for 1 No 4 pole Incommer etc complete of makes Siemens / ABB / Standard / Havells / HPL / Hager/Indo Asian / C&S / GM /Gold Medal,,12,1,13,5250.00,0
2261,05-03-2018,4, ELEC-2.12.45 Supply of 4 Way VTPN DB with IP 20 Protection as per IS:13032 and suitable for TP/SP out goings and for 1 No 4 pole Incommer etc complete.Makes: Siemens / ABB / Standard / Havells / HPL / Hager/Indo Asian / C&S,,12,1,13,3990.00,0
2262,05-03-2018,4, ELEC-2.12.46 Supply of 8 Way VTPN DB with IP 20 Protection as per IS:13032 and suitable for TP/SP out goings and for 1 No 4 pole Incommer etc complete. Makes: Siemens / ABB / Standard / Havells / HPL / Hager/Indo Asian / C&S,,12,1,13,5510.00,0
2263,05-03-2018,4, ELEC-2.12.47 Supply of 12 Way VTPN DB with IP 20 Protection as per IS:13032 and suitable for TP/SP out goings and for 1 No 4 pole Incommer etc complete. Makes: Siemens / ABB / Standard / Havells / HPL / Hager/Indo Asian / C&S.,,12,1,13,7140.00,0
2264,05-03-2018,4, ELEC-2.12.48 Supply of 4 Way VTPN DB suitable for accommodating 4 pole incomer with IP 43 Protection as per IS:13032 and suitable for TP/SP out goings etc complete. Makes: Siemens / ABB / Standard / Havells / HPL / Hager/Indo Asian / C&S.,,12,1,13,5880.00,0
2265,05-03-2018,4, ELEC-2.12.49 Supply of 6 Way VTPN DB suitable for accommodating 4 pole incomer with IP 43 Protection as per IS:13032 and suitable for TP/SP out goings etc complete. Makes: Siemens / ABB / Standard / Havells / HPL / Hager/Indo Asian / C&S.,,12,1,13,7455.00,0
2266,05-03-2018,4, ELEC-2.12.50 Supply of 8 Way VTPN DB suitable for accommodating 4 pole incomer with IP 43 Protection as per IS:13032 and suitable for 8 Nos T.P. out goings etc complete. Makes: Siemens / ABB / Standard / Havells / HPL / Hager/Indo Asian / C&S.,,12,1,13,9555.00,0
2267,05-03-2018,4, ELEC-2.12.51 Supply of 12 Way VTPN DB suitable for accommodating 4 pole incomer with IP 43 Protection as per IS:13032 and suitable for 12 Nos T.P. out goings etc complete.Makes: Siemens / ABB / Standard / Havells / HPL / Hager/Indo Asian / C&S.,,12,1,13,5145.00,0
2268,05-03-2018,4," ELEC-2.12.52 Supply of 7 Segment 4 Way TPN DB with IP 42 Protection with provision for FPMCB / Isolator / RCCB / RCBO as incomer, 3Nos DPMCB / Isolator / RCCB / RCBO as sub incomer and
12 Nos SPMCB's as out going. Makes: Siemens / ABB / Standard / Havells / HPL / Hager/
Indo Asian / C&S.",,12,1,13,6510.00,0
2269,05-03-2018,4," ELEC-2.12.53 Supply of 7 Segment 8 Way TPN DB with IP 42 Protection with provision for FPMCB / Isolator / RCCB / RCBO as incomer, 3Nos DPMCB / Isolator / RCCB / RCBO as sub incomer and
24Nos SPMCB's as out going. Makes: Siemens / ABB / Standard / Havells / HPL / Hager/
Indo Asian / C&S.",,12,1,13,7140.00,0
2270,05-03-2018,4, ELEC-2.12.54 Supply of 20A TP Plug and Socket in SS enclosure of makes L&T Exora / Siemens / GE / ABB / Standard / Havells / HPL / Indo Asian / Toyoma.,,12,1,13,790.00,0
2271,05-03-2018,4," ELEC-3.1.1 Supply of 1 x 36/40 W fluorescent street light luminaire withsheet alluminium housing and UV stabilised acrylic cover with Electronic ballast and all standard accessories etc.
Makes: Phillips / Crompton / Bajaj / Surya",,12,1,13,1260.00,0
2272,05-03-2018,4," ELEC-3.1.2 Supply of 1 x 36/40 W fluorescent street light luminaire with sheet alluminium housing and UV stabilised acrylic cover with Electronic ballast and all standard accessories etc.
Makes: Style lamp / Mahita Electro / Capart / RK / Prolite",,12,1,13,900.00,0
2273,05-03-2018,4," ELEC-3.1.3  Supply of 70W SV / MH Street light luminaire integral with pressure diecast alluminium housing having pot optics with IP66 protection with all standard accessories etc.
Makes: Phillips / Crompton / Bajaj / Surya / Venture / Halonix",,12,1,13,2900.00,0
2274,05-03-2018,4," ELEC-3.1.5  Supply of 150W SV / MH Street light luminaire integral with pressure diecast alluminium housing having pot optics with IP66 protection with all standard accessories etc.
Makes: Phillips / Crompton / Bajaj / Surya/ Venture / Halonix",,12,1,13,4200.00,0
2275,05-03-2018,4," ELEC-3.1.7 Supply of 250W SV / MH Street light luminaire integral with pressure diecast alluminium housing having pot optics with IP66 protection with all standard accessories etc.
Makes: Phillips / Crompton / Bajaj / Surya / Venture / Halonix",,12,1,13,4700.00,0
2276,05-03-2018,4," ELEC-3.1.9 Supply of 400W MH Flood light luminaire with Non - integral weather proof diecast alluminium housing with IP65 / IP66 protection with Control Gear Box without lamp.
Makes: Wipro / G.E. / Phillips / Bajaj / Crompton / Surya /Venture",,12,1,13,6500.00,0
2277,05-03-2018,4," ELEC-3.1.11 Supply of 500W Hallozen Flood light luminaire with cast alluminium housing and tough end glass cover with all standard accessories.
Makes: Style lamp / Mahita Electro / Capart / RK / Prolite",,12,1,13,530.00,0
2278,05-03-2018,4," ELEC-3.1.12 Supply of 1000W Hallozen Flood light luminaire with cast alluminium housing and tough end glass cover with all standard accessories.
Makes: Stlyle lamp / Mahita Electro / Capart / RK / Prolite",,12,1,13,1000.00,0
2279,05-03-2018,4, ELEC-3.2.1 Supply of 1 x 18W CFL integral post top luminaire with conical shape; opal clear acrylic diffuser with cast aluminum pole mounting capsule complete with all accessories and ballast of makes Philips / Crompton / Bajaj / Surya / Havells / HPL,,12,1,13,1800.00,0
2280,05-03-2018,4," ELEC-3.3.1 Supply of 70 W SV / MH copper ballast.
Makes: Phillips / Bajaj / Crompton / Havells / Surya / Venture /halonix",,12,1,13,680.00,0
2281,05-03-2018,4," ELEC-3.3.3 Supply of 150 W SV / MH copper ballast.
Makes: Phillips / Bajaj / Crompton / Havells / Surya / Venture /halonix",,12,1,13,1000.00,0
2282,05-03-2018,4," ELEC-3.3.5 Supply of 250 W SV / MH copper ballast.
Makes: Phillips / Bajaj / Crompton / Havells / Surya / Venture /halonix",,12,1,13,1500.00,0
2283,05-03-2018,4," ELEC-3.3.7Supply of 400 W SV / MH copper ballast.
Makes: Phillips / Bajaj / Crompton / Havells / Surya / Venture /halonix",,12,1,13,2200.00,0
2284,05-03-2018,4," ELEC-3.3.9 Supply of Ignitor for SV / MH Lamp.
Makes: Wipro / G.E. / Phillips / Crompton / Bajaj / Surya / HPL /Havells / Venture / Capart",,12,1,13,160.00,0
2285,05-03-2018,4," ELEC-3.3.10 Supply of 4 mfd HPF Capacitor.
Makes: TIBCON / Phillips / Crompton / Bajaj / Surya / Havells",,12,1,13,100.00,0
2286,05-03-2018,4," ELEC-3.3.11 Supply of 10 mfd HPF Capacitor.
Makes: TIBCON / Phillips / Crompton / Bajaj / Surya / Havells.",,12,1,13,165.00,0
2287,05-03-2018,4," ELEC-3.3.12 Supply of 15 mfd HPF Capacitor.
Makes: TIBCON / Phillips / Crompton / Bajaj / Surya / Havells.",,12,1,13,200.00,0
2288,05-03-2018,4," ELEC-3.3.13 Supply of 20 mfd HPF Capacitor.
Makes: TIBCON / Phillips / Crompton / Bajaj / Surya / Havells",,12,1,13,270.00,0
2289,05-03-2018,4," ELEC-3.3.14 Supply of 33 mfd HPF Capacitor.
Makes: TIBCON / Phillips / Crompton / Bajaj / Surya / Havells.",,12,1,13,400.00,0
2290,05-03-2018,4," ELEC-3.3.15 Supply of 42 mfd HPF Capacitor.
Makes: TIBCON / Phillips / Crompton / Bajaj / Surya / Havells",,12,1,13,450.00,0
2291,05-03-2018,4," ELEC-3.4.1 Supply of 500W Hallozen Lamp with ISI mark.
Makes: Phillips / Osram / Crompton / Bajaj / Surya / Venture /Halonix.",,12,1,13,86.00,0
2292,05-03-2018,4," ELEC-3.4.3 Supply of 1000W Hallozen Lamp with ISI mark.
Makes: Phillips / Osram / Crompton / Bajaj / Surya / Venture /Halonix",,12,1,13,110.00,0
2293,05-03-2018,4," ELEC-3.4.5 Supply of 70W SV Lamp with ISI mark.
Makes: Phillips / Osram / Crompton / Bajaj / Surya / Venture /Halonix",,12,1,13,420.00,0
2294,05-03-2018,4," ELEC-3.4.7Supply of 150W SV Lamp with ISI mark.
Makes: Phillips / Osram / Crompton / Bajaj / Surya / Venture /Halonix",,12,1,13,550.00,0
2295,05-03-2018,4," ELEC-3.4.9 Supply of 250W SV Lamp with ISI mark.
Makes: Phillips / Osram / Crompton / Bajaj / Surya / Venture /Halonix",,12,1,13,625.00,0
2296,05-03-2018,4," ELEC-3.4.11 Supply of 70W MH Lamp with ISI mark.
Makes: Phillips / Osram / Crompton / Bajaj / Surya / Venture /Halonix",,12,1,13,800.00,0
2297,05-03-2018,4," ELEC-3.4.13 Supply of 150W MH Lamp with ISI mark.
Makes: Phillips / Osram / Crompton / Bajaj / Surya / Venture /Halonix",,12,1,13,840.00,0
2298,05-03-2018,4," ELEC-3.4.15 Supply of 250W MH Lamp with ISI mark.
Makes: Phillips / Osram / Crompton / Bajaj / Surya / Venture /Halonix",,12,1,13,1050.00,0
2299,05-03-2018,4," ELEC-3.4.17 Supply of 400W MH Lamp with ISI mark.
Makes: Phillips / Osram / Crompton / Bajaj / Surya / Venture /Halonix",,12,1,13,1200.00,0
2300,05-03-2018,4," ELEC-3.6.1 Supply of 1 x 36/40W Box type tube light luminaire powder coated CRCA sheet steel housing with Electronic Ballast Chokes and all standard accessories.
Makes: Wipro / G.E. / Phillips / Crompton / Bajaj ",,12,1,13,800.00,0
2301,05-03-2018,4," ELEC-3.6.3 Supply of 2 x 36/40W Box type tube light luminaire powder coated CRCA sheet steel housing with Electronic Ballast Chokes and all standard accessories.
Makes: Wipro / G.E. / Phillips / Crompton / Baja",,12,1,13,1200.00,0
2302,05-03-2018,4," ELEC-3.6.5 Supply of 1 x 36/40W Patty type tube light luminaire powder coated CRCA sheet steel housing with Copper Chokes and all standard accessories.
Makes: Crompton / Bajaj / Surya / RK / Million / Gold Medal",,12,1,13,250.00,0
2303,05-03-2018,4,"ELEC-3.6.6  Supply of 9/13W VPIT Ballast for CFL with ISI mark.
Makes: Crompton / Bajaj / Surya / RK / Style Lamp",,12,1,13,120.00,0
2304,05-03-2018,4," ELEC-3.6.7 Supply of 18W VPIT Ballast for CFL with ISI mark.
Makes: Crompton / Bajaj / Surya / RK / Style Lamp",,12,1,13,125.00,0
2305,05-03-2018,4," ELEC-3.6.8 Supply of 20W Copper Wound Ballast Makes: Crompton / Bajaj
/ Surya / RK / Style Lamp / Million / Gold Medal",,12,1,13,125.00,0
2306,05-03-2018,4," ELEC-3.6.9 Supply of 40W Copper Wound Ballast.
Makes: Crompton / Bajaj / Surya / RK / Style Lamp / Million /Gold Medal.",,12,1,13,150.00,0
2307,05-03-2018,4," ELEC-3.6.10  Supply of 36/40W VPIT Ballast.
Makes: Crompton / Bajaj / Surya / RK / Style Lamp / Million /Gold Meda",,12,1,13,170.00,0
2308,05-03-2018,4," ELEC-3.6.11 Supply of 40W Starter.
Makes: Crompton / Bajaj / Surya / RK / Style Lamp / Million /Gold Medal",,12,1,13,9.00,0
2309,05-03-2018,4," ELEC-3.6.12 Supply of Rotor holder(FTL).
Makes: Phillips / Crompton / Bajaj / Surya",,12,1,13,20.00,0
2310,05-03-2018,4,"ELEC-3.7.1 Supply of 40W-60W Lamp.
Makes: Phillips / Crompton / Bajaj / Surya / Havells / Style Lamp / Capart",,12,1,13,12.00,0
2311,05-03-2018,4," ELEC-3.7.2 Supply of 18/20W fluorescent tube.
Makes: Phillips / Crompton / Bajaj / Surya / Style Lamp /Capart",,12,1,13,40.00,0
2312,05-03-2018,4," ELEC-3.7.3 Supply of 36/40W fluorescent tube.
Makes: Phillips / Crompton / Bajaj / Surya / Style Lamp /Capart",,12,1,13,45.00,0
2313,05-03-2018,4," ELEC-3.7.4 Supply of 9W Pin type CFL Lamp.
Makes: Wipro / G.E. / Phillips / Crompton / Bajaj / Havells /Surya / HPL / Halonix.",,12,1,13,70.00,0
2314,05-03-2018,4," ELEC-3.7.5 Supply of 11W Pin type CFL Lamp.
Makes: Wipro / G.E. / Phillips / Crompton / Bajaj / Havells /Surya / HPL / Halonix",,12,1,13,80.00,0
2315,05-03-2018,4," ELEC-3.7.6 Supply of 13W Pin type CFL Lamp.
Makes: Wipro / G.E. / Phillips / Crompton / Bajaj / Havells /Surya / HPL / Halonix.",,12,1,13,100.00,0
2316,05-03-2018,4," ELEC-3.7.7 Supply of 18W Pin type CFL Lamp.
Makes: Wipro / G.E. / Phillips / Crompton / Bajaj / Havells /Surya / HPL / Halonix.",,12,1,13,110.00,0
2317,05-03-2018,4," ELEC-3.7.8 Supply of 36W Pin type CFL Lamp.
Makes: Wipro / G.E. / Phillips / Crompton / Bajaj / Havells /Surya / HPL / Halonix.",,12,1,13,135.00,0
2318,05-03-2018,4,"ELEC-3.8.1 Supply of 1 x 28W Box type powder coated energy conserving tube light luminaire with Electronic ballast operating voltage range of 90 volts to 350 volts power factor > 0.98 current less
than 130ma crest factor and total hormonic distortion shall be as per IS Specification with auto cut off at high voltage suitable for 36/40W tube with 5 years guarantee for luminaire.
Makes: Bajaj/Crompton/Trinic or its equivalent.",,12,1,13,1060.00,0
2319,05-03-2018,4," ELEC-3.8.2  Supply of 28 W Electronic Ballast with less than 10% total hormonic distortion and auto cut off at High Voltage suitable for FTL with 5 years guarantee for luminaire.
Makes: Bajaj/Crompton/Trinic or its equivalent.",,12,1,13,700.00,0
2320,05-03-2018,4," ELEC-4.1.1 Supply of 4 Sqmm 2 Core XLPE insulated, 1100V grade armoured alluminium cable as per specification confirming to IS:7098 (Part - I).Makes: Torent / Universal / Unicab / Havells / KEI / Gloster /Polycab / CMI",,11,1,13,95.00,0
2321,05-03-2018,4," ELEC-4.1.4 Supply of 6 Sqmm 2 Core XLPE insulated, 1100V grade armoured alluminium cable as per specification confirming to IS:7098 (Part - I).Makes: Torent / Universal / Unicab / Havells / KEI / Gloster /Polycab / CMI",,11,1,13,115.00,0
2322,05-03-2018,4," ELEC-4.1.7 Supply of 10 Sqmm 2 Core XLPE insulated, 1100V grade armoured alluminium cable as per specification confirming to IS:7098 (Part - I). Makes: Torent / Universal / Unicab / Havells / KEI / Gloster /Polycab / CMI",,11,1,13,135.00,0
2323,05-03-2018,4," ELEC-4.1.10 Supply of 6 Sqmm 4 Core XLPE insulated, 1100V grade armoured alluminium cable as per specification confirming to IS:7098 (Part - I)Makes: Torent / Universal / Unicab / Havells / KEI / Gloster /Polycab / CMI",,11,1,13,137.00,0
2324,05-03-2018,4," ELEC-4.1.13 Supply of 10 Sqmm 4 Core XLPE insulated, 1100V grade armoured alluminium cable as per specification confirming to IS:7098 (Part - I)Makes: Torent / Universal / Unicab / Havells / KEI / Gloster /Polycab / CMI",,11,1,13,155.00,0
2325,05-03-2018,4," ELEC-4.1.16 Supply of 16 Sqmm 4 Core XLPE insulated, 1100V grade armoured alluminium cable as per specification confirming to IS:7098 (Part - I)Makes: Torent / Universal / Unicab / Havells / KEI / Gloster /Polycab / CMI",,11,1,13,170.00,0
2326,05-03-2018,4," ELEC-4.1.19 Supply of 25 Sqmm 3.5 Core XLPE insulated, 1100V grade armoured alluminium cable as per specification confirming to IS:7098 (Part - I) Makes: Torent / Universal / Unicab / Havells / KEI / Gloster / Polycab / CMI",,11,1,13,217.00,0
2327,05-03-2018,4," ELEC-4.1.22 Supply of 35 Sqmm 3.5 Core XLPE insulated, 1100V grade armoured alluminium cable as per specification confirming to IS:7098 (Part - I) Makes: Torent / Universal / Unicab / Havells / KEI / Gloster / Polycab / CMI",,11,1,13,260.00,0
2328,05-03-2018,4," ELEC-4.1.25  Supply of 50 Sqmm 3.5 Core XLPE insulated, 1100V grade armoured alluminium cable as per specification confirming to IS:7098 (Part - I) Makes: Torent / Universal / Unicab / Havells / KEI / Gloster / Polycab / CMI",,11,1,13,345.00,0
2329,05-03-2018,4," ELEC-4.1.28 Supply of 70 Sqmm 3.5 Core XLPE insulated, 1100V grade armoured alluminium cable as per specification confirming to IS:7098 (Part - I). Makes: Torent / Universal / Unicab / Havells / KEI / Gloster / Polycab / CMI",,11,1,13,442.00,0
2330,05-03-2018,4," ELEC-4.1.31 Supply of 95 Sqmm 3.5 Core XLPE insulated, 1100V grade armoured alluminium cable as per specification confirming to IS:7098 (Part - I) . Makes: Torent / Universal / Unicab / Havells / KEI / Gloster /Polycab / CMI",,12,1,13,575.00,0
2331,05-03-2018,4," ELEC-4.1.34 Supply of 120 Sqmm 3.5 Core XLPE insulated, 1100V grade armoured alluminium cable as per specification confirming to IS:7098 (Part - I) Makes: Torent / Universal / Unicab / Havells / KEI / Gloster /Polycab / CM",,12,1,13,703.00,0
2332,05-03-2018,4," ELEC-4.1.37 Supply of 150 Sqmm 3.5 Core XLPE insulated, 1100V grade armoured alluminium cable as per specification confirming to IS:7098 (Part - I). Makes : Torent / Universal / Unicab / Havells / KEI / Gloster",,12,1,13,800.00,0
2333,05-03-2018,4," ELEC-4.1.40  Supply of 185 Sqmm 3.5 Core XLPE insulated, 1100V grade armoured alluminium cable as per specification confirming to IS:7098 (Part - I) . Makes : Torent / Universal / Unicab / Havells / KEI / Gloster.",,12,1,13,980.00,0
2334,05-03-2018,4," ELEC-4.1.42 Supply of 240 Sqmm 3.5 Core XLPE insulated, 1100V grade armoured alluminium cable as per specification confirming to IS:7098 (Part - I) . Makes : Torent / Universal / Unicab / Havells / KEI / Gloster",,12,1,13,1245.00,0
2335,05-03-2018,4," ELEC-4.1.44  Supply of 300 Sqmm 3.5 Core XLPE insulated, 1100V grade armoured alluminium cable as per specification confirming to IS:7098 (Part - I) Makes : Torent / Universal / Unicab / Havells / KEI",,12,1,13,1520.00,0
2336,05-03-2018,4," ELEC-4.1.46  Supply of 400 Sqmm 3.5 Core XLPE insulated, 1100V grade armoured alluminium cable as per specification confirming to IS:7098 (Part - I) Makes : Torent / Universal / Unicab / KEI",,12,1,13,1905.00,0
2337,05-03-2018,4, ELEC-4.3.1 Supply and fixing of crimping type copper lugs confirming to I.S specifications for cable upto 16 Sq.mm including nuts and bolts with connections,,12,1,13,25.00,0
2338,05-03-2018,4, ELEC-4.3.2  Supply and fixing of crimping type copper lugs confirming to I.S specifications for cable of 25 Sq.mm including nuts and bolts with connections.,,12,1,13,30.00,0
2339,05-03-2018,4, ELEC-4.3.3 Supply and fixing of crimping type copper lugs confirming to I.S specifications for cable of 35 Sq.mm including nuts and bolts with connections..,,12,1,13,35.00,0
2340,05-03-2018,4, ELEC-4.3.4  Supply and fixing of crimping type copper lugs confirming to I.S specifications for cable of 50 Sq.mm including nuts and bolts with connections.,,12,1,13,40.00,0
2341,05-03-2018,4, ELEC-4.3.5  Supply and fixing of crimping type copper lugs confirming to I.S specifications for cable of 70 Sq.mm including nuts and bolts with connections.,,12,1,13,55.00,0
2342,05-03-2018,4, ELEC-4.3.6  Supply and fixing of crimping type copper lugs confirming to I.S specifications for cable of 95 Sq.mm including nuts and bolts with connections,,12,1,13,65.00,0
2343,05-03-2018,4, ELEC-4.3.7 Supply and fixing of crimping type copper lugs confirming to I.S specifications for cable of 120 Sq.mm including nuts and bolts with connections.,,12,1,13,90.00,0
2344,05-03-2018,4, ELEC-4.3.8  Supply and fixing of crimping type copper lugs confirming to I.S specifications for cable of 150 Sq.mm including nuts and bolts with connections.,,12,1,13,110.00,0
2345,05-03-2018,4, ELEC-4.3.9 Supply and fixing of crimping type copper lugs confirming to I.S specifications for cable of 185 Sq.mm including nuts and bolts with connections,,12,1,13,155.00,0
2346,05-03-2018,4, ELEC-4.3.10 Supply and fixing of crimping type copper lugs confirming to I.S specifications for cable of 240 Sq.mm including nuts and bolts with connections,,12,1,13,225.00,0
2347,05-03-2018,4, ELEC-4.3.11  Supply and fixing of crimping type copper lugs confirming to I.S specifications for cable of 300 Sq.mm including nuts and bolts with connections.,,12,1,13,300.00,0
2348,05-03-2018,4, ELEC-4.3.12  Supply and fixing of crimping type copper lugs confirming to I.S specifications for cable of 400 Sq.mm including nuts and bolts with connections,,12,1,13,425.00,0
2349,05-03-2018,4, ELEC-4.3.13  Supply and fixing of crimping type aluminium lugs confirming to I.S specifications for cable upto 16 Sq.mm including nuts and bolts with connections.,,12,1,13,15.00,0
2350,05-03-2018,4, ELEC-4.3.14  Supply and fixing of crimping type aluminium lugs confirming to I.S specifications for cable of 25 Sq.mm including nuts and bolts with connections.,,12,1,13,20.00,0
2351,05-03-2018,4,ELEC-4.3.15  Supply and fixing of crimping type aluminium lugs confirming to I.S specifications for cable of 35 Sq.mm including nuts and bolts with connections.,,12,1,13,25.00,0
2352,05-03-2018,4,ELEC-4.3.16  Supply and fixing of crimping type aluminium lugs confirming to I.S specifications for cable of 50 Sq.mm including nuts and bolts with connections.,,12,1,13,30.00,0
2353,05-03-2018,4,ELEC-4.3.17  Supply and fixing of crimping type aluminium lugs confirming to I.S specifications for cable of 70 Sq.mm including nuts and bolts with connections.,,12,1,13,35.00,0
2354,05-03-2018,4,ELEC-4.3.18  Supply and fixing of crimping type aluminium lugs confirming to I.S specifications for cable of 95 Sq.mm including nuts and bolts with connections.,,12,1,13,40.00,0
2355,05-03-2018,4,ELEC-4.3.19 Supply and fixing of crimping type aluminium lugs confirming to I.S specifications for cable of 120 Sq.mm including nuts and bolts with connections,,12,1,13,45.00,0
2356,05-03-2018,4,ELEC-4.3.20 Supply and fixing of crimping type aluminium lugs confirming to I.S specifications for cable of 150 Sq.mm including nuts and bolts with connections.,,12,1,13,50.00,0
2357,05-03-2018,4,ELEC-4.3.21 Supply and fixing of crimping type aluminium lugs confirming to I.S specifications for cable of 185 Sq.mm including nuts and bolts with connections,,12,1,13,55.00,0
2358,05-03-2018,4,ELEC-4.3.22 Supply and fixing of crimping type aluminium lugs confirming to I.S specifications for cable of 240 Sq.mm including nuts and bolts with connections,,12,1,13,75.00,0
2359,05-03-2018,4,ELEC-4.3.23 Supply and fixing of crimping type aluminium lugs confirming to I.S specifications for cable of 300 Sq.mm including nuts and bolts with connections,,12,1,13,100.00,0
2360,05-03-2018,4,ELEC-4.3.24 Supply and fixing of crimping type aluminium lugs confirming to I.S specifications for cable of 400 Sq.mm including nuts and bolts with connections.,,12,1,13,130.00,0
2361,05-03-2018,4," ELEC-4.4.4 Supply and errecting heat shrinkable straight through joint Indoor / Out door for L.T. XLPE Armoured 1100V grade cable of seamless type outer tubing with necessary accessories and
suitable clamps including cost and conveyance of materials and all labour charges etc., complete for 240 to 300 Sqmm. Makes: Raychem / M Seal / Denson / Multy / Transeal - Hongshang.",,12,1,13,4200.00,0
2362,05-03-2018,4,"ELEC-5.1.4  Supply of 56"" (1400mm) Sweep 5 Star rated Ceiling Fan without Regulator
Makes: Crompton / Bajaj Elegance Star / Usha / Havells.",,12,1,13,2250.00,0
2363,05-03-2018,4,ELEC-5.1.5  Supply of 16" (400mm) Wall mounted Fan.Makes: Crompton SDX Gold / Bajaj Elite / Havells Swing Premia gold / Usha / Orient Wall 43,,12,1,13,2450.00,0
2364,05-03-2018,4,ELEC-5.1.6  Supply of 16" (400mm) Pedestal Fan. Makes: Crompton SDX Gold / Bajaj Spectrum / Havells Swing Remote / Usha / Orient.,,12,1,13,2840.00,0
2365,05-03-2018,4,"ELEC-5.1.7  Supply of 18"" (450mm) Wall mounting / Pedestal Air Circulators.
Makes: Crompton / Havells Turbo Force / Orient / Almounard",,12,1,13,6000.00,0
2366,05-03-2018,4,"ELEC-5.1.8   Supply of 24"" (600mm) Wall mounting / Pedestal Air Circulators.
Makes: Crompton / Havells Turbo Force / Almounard.",,12,1,13,6600.00,0
2367,05-03-2018,4,ELEC-5.1.9 Supply of 12" (300mm) Cabin fan. Makes: Crompton / Havells ciera / Orient AP12,,12,1,13,1600.00,0
2368,05-03-2018,4,"ELEC-5.1.12 Supply of 12"" (300mm) ISI, 900 RPM Heavy duty exhaust fan with metallic blades with Mark. Makes: Crompton / Almounard / Havells Turbo Force.",,12,1,13,2700.00,0
2369,05-03-2018,4,"ELEC-5.1.13  Supply of 15"" (375mm) ISI, 900 RPM Heavy duty exhaust fan with metallic blades with Mark. Makes: Crompton / Almounard / Havells Turbo Force",,12,1,13,3300.00,0
2370,05-03-2018,4,"ELEC-5.1.14  Supply of 18"" (450mm) ISI, 900 RPM Heavy duty exhaust fan with metallic blades with Mark. Makes: Crompton / Almounard / Havells Turbo Force",,12,1,13,4200.00,0
2371,05-03-2018,4,"ELEC-5.2.1  Supply, Transportation and fixing of storage / Pressure type Vertical / Horizontal 230/250V single phase 2000watts ISI mark 5 Star rated water heater with SS tank and ABS plastic body of 15 Ltrs capacity to withstand up to 6.5 bar of water pressure including all standard accessories and dead weight pressure reducing valve on out let side, including cost of 2 Nos nylon /
PVC / Metallic hose pipe, testing and all labour charges etc., complete. Makes: Crompton model No. solarium plus SWH 725, Class 1 rated or its equivalent make of Bajaj / Venus / Racold / Usha /
V-Guard / Havells.",,12,1,13,9765.00,0
2372,05-03-2018,4,"ELEC-5.2.2 Supply, Transportation and fixing of storage / Pressure type Vertical / Horizontal 230/250V single phase 2000watts ISI mark 5 Star rated water heater with SS tank and ABS plastic body of 25 Ltrs capacity to withstand up to 6.5 bar of water pressure including all standard accessories and dead weight pressure reducing valve on out let side, including cost of 2 Nos nylon / PVC / Metallic hose pipe, testing and all labour charges etc., complete. Makes: Crompton model No. solarium plus SWH 725, Class 1 rated or its equivalent make of Bajaj / Venus / Racold / Usha /
V-Guard / Havells",,12,1,13,11445.00,0
2373,05-03-2018,4,ELEC-5.3.1 Heating element of 1.5 / 2.0 / 3.0 KW.,,12,1,13,400.00,0
2374,05-03-2018,4,ELEC-5.3.2 Supply of thermostat with range 300 to 900C.Adjustable and suitable for 25 to 50 Ltrs. Capacity.,,12,1,13,275.00,0
2375,05-03-2018,4,"ELEC-5.3.3 Supply of pressure release valve for water heater of 15 to 50
Ltrs.capacity",,12,1,13,175.00,0
2376,05-03-2018,4,ELEC-5.3.4 Flexible Nylon / PVC Metallic hose pipe,,12,1,13,165.00,0
2377,05-03-2018,4,"ELEC-6.1.21 Supply and fixing of suitable out door type feeder piller box made with 14 SWG CRCA sheet after 7 tank process including S & F of Legrand / Schnieder / L&T make 40-63A FP MCB, 6
Nos SP MCB's, din chanel, bus bars, 6 Sqmm 3 core copper cable for internal wiring, contactor, connectors and provision for energy meter etc., complete for finished item of work.",,12,1,13,19200.00,0
2378,05-03-2018,4,"ELEC-6.1.22 Supply and fixing of suitable out door type feeder piller box made with 14 SWG CRCA sheet after 7 tank process including S & F of Legrand / Schnieder / L&T make 40-63A FP MCB, 9
Nos SP MCB's,din chanel, bus bars, 6 Sqmm 3 core copper cable for internal wiring , contactor, connectors and provision for energy meter etc., complete for finished item of work.",,12,1,13,19800.00,0
2379,05-03-2018,4," ELEC-6.3.11  Supply and fixing of single phase Electronic energy Meter,240V AC,50 HZ as per IS13010 up to 40A range with 200% over load capacity complete with connections etc., complete on the existing board.Makes: CONZERVE / ELMEASURE / MECO / HPL / HAVELLS.",,12,1,13,1050.00,0
2380,05-03-2018,4," ELEC-6.3.12  Supply and fixing of single phase Electronic energy Meter,240V AC,50 HZ as per IS13010 up to 40A range with 200% over load capacity complete with connections etc., complete on the existing board.Makes: CONZERVE / ELMEASURE / MECO / HPL / HAVELLS.",,12,1,13,3037.00,0
2381,05-03-2018,4,"ELEC-6.4.3  Routine maintenance of transformer, including testing of insulation resistance, oil break down strength. Reconditioning / replacement of silicazel, cleaning of transformer and topping
upto oil level if required (extra cost will be paid for oil).",,9,1,13,5500.00,0
2382,05-03-2018,4,ELEC-6.4.7  Replacing old and unserviceable gasket of top cover plate of transformer having following capacity. -Upto 315 KVA,,12,1,13,750.00,0
2383,05-03-2018,4,ELEC-6.4.31 Filteration of transformer oil as per ISS specifications filters to dielectric strength above 40KV at site. (per Ltr) excluding transportation,,4,1,13,8.00,0
2384,05-03-2018,4,"ELEC-6.4.32 Filteration of transformer oil as per ISS specifications filters to
dielectric strength above 40KV at workshop (per Ltr)",,4,1,13,5.00,0
2385,05-03-2018,4,"ELEC-6.4.33 Supply of MPP type heavy duty capacitor of operating voltage not less than 480V and losses not more than 0.35W per KVAR and inrush current withstand capability 300 times the rated
current. Makes:L&T/Siemens/Schneider/Epcos.",,,1,13,330.00,0
2386,05-03-2018,4,"ELEC-6.5.1 Supply and erecting approved make 11KV, 5KA metal oxide lightning arrestors suitable for 11 KV supply with necessary materials on existing cross arm",,12,1,13,1500.00,0
2387,05-03-2018,4,ELEC-6.5.2 Supply and erecting porcelain disc type insulator suitable for 11KV line with suitable hardware on existing cross arms.,,12,1,13,600.00,0
2388,05-03-2018,4,ELEC-6.5.3 Supply and erecting porcelain pin type insulator suitable for 11KV line with suitable hardware on existing cross arms.,,12,1,13,300.00,0
2389,05-03-2018,4,ELEC-6.5.4 Supply and erecting porcelain post type insulator suitable for 11KV line with suitable hardware on existing cross arms,,12,1,13,675.00,0
2390,05-03-2018,4,ELEC-6.5.5  Supply and erecting porcelain pin/shackle type insulator suitable for L. T,,12,1,13,90.00,0
2391,05-03-2018,4,"ELEC-6.5.6  Approved made 11KV, 400A A.B switch with all standard accessories etc., complete with cost and conveyance of all materials.",,12,1,13,7000.00,0
2392,05-03-2018,4,"ELEC-6.5.7 Approved made 11KV, 200A A.B switch with all standard accessories etc., complete with cost and conveyance of all materials.",,12,1,13,6100.00,0
2393,05-03-2018,4,"ELEC-6.5.8 Approved made 11KV, 200A A.B switch (tilting) with all standard accessories etc., complete with cost and conveyance of all materials.",,12,1,13,5900.00,0
2394,05-03-2018,4,"ELEC-7.1.1 Supply of 2 Pair, 0.5mm telephone copper wire.Makes: Finolex / Delton / Surabi / Polycab",,10,1,13,1010.00,0
2395,05-03-2018,4,ELEC-7.1.2 Supply of 5 Pair telephone copper wire. Makes: Finolex / Delton / Surabi / Polycab,,10,1,13,2800.00,0
2396,05-03-2018,4, ELEC-7.1.3 Supply of LAN Cable cat - 6 UTP cable. Makes: D Link / AMP / Molex / Legrand / Krone.,,10,1,13,2580.00,0
2397,05-03-2018,4,"ELEC-7.1.4 Supply of Cat 6 RJ-45 information outlets including duel face plate .
Makes: D Link / AMP / Molex / Legrand / Krone.",,12,1,13,340.00,0
2398,05-03-2018,4, ELEC-8.1.1 Supply of single fancy bracket with glass shade best Indian make,,12,1,13,215.00,0
2399,05-03-2018,4, ELEC-8.1.2 Supply of double fancy bracket with glass shade best Indian make,,12,1,13,385.00,0
2400,05-03-2018,4, ELEC-8.1.3 Supply of 10" ceiling fittings with glass doom best Indianmake,,12,1,13,193.00,0
2401,05-03-2018,4, ELEC-8.1.4 Supply of 10W LED Bulk head fitting with Pressure die cast alluminum with opal diffuser Makes : Bajaj / Crompton / Surya / VIN / Havells / Green Lights / Insta Power..,,12,1,13,1200.00,0
2402,05-03-2018,4, ELEC-8.1.5 TW Seperators / Gutties ,,3,1,13,165.00,0
2403,05-03-2018,4, ELEC-8.1.6 Rawl Plugs ,,3,1,13,40.00,0
2404,05-03-2018,4,ELEC-8.1.7 U Nails ,,3,1,13,44.00,0
2405,05-03-2018,4, ELEC-8.1.8 Alluminium Link Clips ,,3,1,13,75.00,0
2406,05-03-2018,4, ELEC-8.1.9 50 mm G.I.Nut and Bolts. ,,3,1,13,13.00,0
2407,05-03-2018,4,ELEC-8.1.10 63 to 100 mm G.I.Nut and Bolts. ,,3,1,13,24.00,0
2408,05-03-2018,4,ELEC-8.1.11 50 mm 0 Gauge Nails ,,15,1,13,44.00,0
2409,05-03-2018,4,ELEC-8.1.12 63 to 100 mm 0 Gauge Nails ,,15,1,13,73.00,0
2410,05-03-2018,4,ELEC-8.1.13 Hard Coke ,,5,1,13,20.00,0
2411,05-03-2018,4,ELEC-8.1.14 Salt ,,5,1,13,10.00,0
2412,05-03-2018,4,ELEC-8.1.15 PVC Cleats 2 Way ,,9,1,13,330.00,0
2413,05-03-2018,4,ELEC-8.1.16 PVC Cleats 4 Way ,,9,1,13,600.00,0
2414,05-03-2018,4,ELEC-8.1.17 Binding Wire ,,12,1,13,61.00,0
2415,05-03-2018,4,ELEC-8.1.18 PVC / Cotton Insulation tape Role ( 10 Mtrs) ,,12,1,13,17.00,0
2416,05-03-2018,4,ELEC-8.1.19 C.I.Knob ,,12,1,13,50.00,0
2417,05-03-2018,4,ELEC-8.1.20 Stay tight set (Jum bracket 300 mm) ,,9,1,13,303.00,0
2418,05-03-2018,4,ELEC-8.1.21 Stay clamp with bolts and Nuts) ,,14,1,13,250.00,0
2419,05-03-2018,4,ELEC-8.1.22 L.T.Guy insulator ,,12,1,13,60.00,0
2420,05-03-2018,4,ELEC-8.1.23 12 / 15 MS plain rod fan hook ,,12,1,13,40.00,0
2421,05-03-2018,4,ELEC-8.1.24 19 / 20 mm Steel tube fan down rod ,,3,1,13,70.00,0
2422,05-03-2018,4,ELEC-8.1.25 Consealed box PVC / MS with hook for fan ,,12,1,13,120.00,0
2423,05-03-2018,4,ELEC-8.1.26 Coil Earthing ,,12,1,13,70.00,0
2424,05-03-2018,4,ELEC-8.1.27 Cable root Indicators ,,12,1,13,100.00,0
2425,05-03-2018,4,ELEC-8.1.28 40 mm x 40 mm x 6 mm angle iron with I bolt. ,,14,1,13,245.00,0
2426,05-03-2018,4,ELEC-8.1.29 Mild Steel Items ,,5,1,13,60.00,0
2427,05-03-2018,4,ELEC-8.1.30 Acrylic Cover of size 4" x 7" for night lamps. ,,12,1,13,17.00,0
2428,05-03-2018,4,ELEC-8.1.31 TW / PVC Round Blocks ,,12,1,13,10.00,0
2429,05-03-2018,4,ELEC-8.1.32 G.I.Funnel with Mesh 1/2" x 4" ,,12,1,13,85.00,0
2430,05-03-2018,4,ELEC-8.1.33 Asbestos Sheet ,,16,1,13,237.00,0
2431,05-03-2018,4,ELEC-8.1.34 First Aid box 18" x 12" x 8" ,,12,1,13,1100.00,0
2432,05-03-2018,4,ELEC-8.1.35 11 KV/22 KV Hand gloves ,,12,1,13,175.00,0
2433,05-03-2018,4,ELEC-8.1.36 Copper plate / Copper strip (Per K.G) ,,5,1,13,605.00,0
2434,05-03-2018,4,ELEC-8.1.37 No. 8/10 SWG copper wire (per K.G) ,,5,1,13,605.00,0
2435,05-03-2018,4,ELEC-8.1.38 PVC Insulated copper winding wire of fine quality (per K. G) ,,5,1,13,726.00,0
2436,05-03-2018,4,ELEC-8.1.39 No. 14 SWG copper wire (per K. G) ,,5,1,13,605.00,0
2437,05-03-2018,4,ELEC-8.1.40 Copper winding wire (per K. G) ,,5,1,13,700.00,0
2438,05-03-2018,4,ELEC-8.1.41 G.I. Strip / Plate / Wire (per K. G) ,,5,1,13,68.00,0
2439,05-03-2018,4,ELEC-8.1.42 Alluminum Bus bars/Strips/accessories ,,5,1,13,250.00,0
2440,05-03-2018,4,ELEC-8.1.43 Alluminum winding wire ,,5,1,13,320.00,0
2441,05-03-2018,4,ELEC-8.1.44 6.2 Volt series bulb (25 Nos.) ,,9,1,13,100.00,0
2442,05-03-2018,4,ELEC-8.1.45  6.2 Volt series bulb with navar plate(25 Nos.) ,,9,1,13,120.00,0
2443,05-03-2018,4,ELEC-8.1.46 Supply of Rotating machine ,,12,1,13,8500.00,0
2444,05-03-2018,4,ELEC-8.1.47  Supply of  MS Chekered plate. ,,5,1,13,67.00,0
2445,05-03-2018,4,ELEC-8.1.48 Supply of  Alluminium Chekered plate. ,,5,1,13,266.00,0
2446,05-03-2018,4,ELEC-8.1.49 Copper old winding Wire scrap for 1 Kg ,,5,1,13,165.00,0
2447,05-03-2018,4,ELEC-8.1.50 Cement ,,5,1,13,7.00,0
2448,05-03-2018,4,ELEC-8.1.51 Hylam Sheet ,,11,1,13,945.00,0
2449,05-03-2018,4,ELEC-8.1.52 Earth work excacvation including all soils for trench; Pole Pitand Earth Pit.,,12,1,13,110.00,0
2450,05-03-2018,4,ELEC-8.1.53 Cost of Sand ,,12,1,13,594.00,0
2451,05-03-2018,4,ELEC-8.1.54 Cost of Bricks ,,9,1,13,3819.00,0
2452,05-03-2018,4,ELEC-8.1.55 25mm Nominal Bore light grade G.I.Pipe ,,11,1,13,226.00,0
2453,05-03-2018,4,ELEC-8.1.56  25mm Nominal Bore Medium grade G.I.Pipe ,,11,1,13,242.00,0
2454,05-03-2018,4,ELEC-8.1.57 40mm Nominal Bore light grade G.I.Pipe ,,11,1,13,355.00,0
2455,05-03-2018,4,ELEC-8.1.58 40mm Nominal Bore Medium grade G.I.Pipe ,,11,1,13,381.00,0
2456,05-03-2018,4,ELEC-8.1.59 Drilling of 16 Nos through holes of 12mm dia to G.I pipe ,,12,1,13,6.00,0
2457,05-03-2018,4,ELEC-8.1.60  G.I Nuts; Bolts an Washers each set ,,14,1,13,11.00,0
2458,05-03-2018,4,ELEC-8.1.61 18" dia 2" thick hume pipe ring ,,12,1,13,250.00,0
2459,05-03-2018,4,ELEC-8.1.62 18" dia 3" hume pipe ring ,,12,1,13,300.00,0
2460,05-03-2018,4,ELEC-8.1.63  18" dia  2" thick CC cover for hume pipe ring with handle. ,,12,1,13,175.00,0
2461,05-03-2018,4,ELEC-8.1.64 Supply of Saddle / Clamps suitable for fixing 2 Core 4 to 10Sqmm Cable.,,9,1,13,249.00,0
2462,05-03-2018,4, ELEC-8.1.65 Supply of Saddle / Clamps suitable for fixing 4 Core 4 & 6 ,,9,1,13,249.00,0
2463,05-03-2018,4, ELEC-8.1.66 Supply of Saddle / Clamps suitable for fixing 4 Core 10 & 16Sqmm Cable.,,9,1,13,314.00,0
2464,05-03-2018,4, ELEC-8.1.67 Supply of Saddle / Clamps suitable for fixing 3.5 Core 25 &35 Sqmm Cable.,,9,1,13,382.00,0
2465,05-03-2018,4, ELEC-8.1.68 Supply of Saddle / Clamps suitable for fixing 3.5 Core 50Sqmm Cable.,,9,1,13,545.00,0
2466,05-03-2018,4, ELEC-8.1.69 Supply of Saddle / Clamps suitable for fixing 3.5 Core 70 &95 Sqmm Cable.,,9,1,13,605.00,0
2467,05-03-2018,4, ELEC-8.1.70 Supply of Saddle / Clamps suitable for fixing 3.5 Core 120 to185 Sqmm Cable.,,9,1,13,726.00,0
2468,05-03-2018,4, ELEC-8.1.71 Supply of Saddle / Clamps suitable for fixing 3.5 Core 240 &300 Sqmm Cable.,,9,1,13,908.00,0
2469,05-03-2018,4, ELEC-8.1.72 Supply of Saddle / Clamps suitable for fixing 3.5 Core 400Sqmm Cable.,,9,1,13,1250.00,0
2470,05-03-2018,4,Supply of  direct fit CFL lamp - 45w - ES CG Make (Quotation Rate),,12,1,13,435.00,0
2471,05-03-2018,4,Supply of  direct fit CFL lamp - 65w - ES CG Make (Quotation Rate),,12,1,13,575.00,0
2472,05-03-2018,4,Supply  of Direct fir CFL lamp 85W-ES (Quotatio Rate),,12,1,13,630.00,0
